{
  "train_loss": [
    0.8674449959562325,
    0.5208045432850864,
    0.4242460525519476,
    0.3596681483806386,
    0.29213288586374697,
    0.2567103301533799,
    0.23380364331657413,
    0.18592258080611437
  ],
  "train_acc": [
    60.68590547887913,
    70.23131615352443,
    73.40990251906187,
    75.38847601582859,
    78.76331113470386,
    80.56815622687643,
    81.40784351574816,
    84.18749798925458
  ],
  "val_loss": [
    0.647053910878079,
    0.5093899264718965,
    0.4964439468969088,
    0.5417126401665513,
    0.5357237423288025,
    0.5921257437518178,
    0.6864153078093196,
    0.734147793411716
  ],
  "val_acc": [
    65.67993989481593,
    75.97295266716755,
    72.39669421487604,
    79.35386927122464,
    75.08640120210369,
    78.40721262208865,
    81.93839218632607,
    83.4259954921112
  ],
  "lr": [
    0.0001,
    0.0001,
    0.0001,
    0.0001,
    0.0001,
    0.0001,
    5e-05,
    5e-05
  ]
}