{
  "train_loss": [
    1.7724769366156194,
    0.9260852774393927,
    0.7559716481523415,
    0.6662650228161173,
    0.6054261117866359,
    0.5656133150931486,
    0.5285028216457859,
    0.5013822397620408,
    0.47734376923325134,
    0.4609232213079315,
    0.44756678179981785,
    0.43833921600862874,
    0.4357224882570739,
    0.4288218877979161,
    0.425430159716262
  ],
  "train_acc": [
    60.740979381443296,
    74.32023195876289,
    77.89304123711341,
    79.90012886597938,
    81.30798969072166,
    82.27770618556701,
    83.36662371134021,
    84.1881443298969,
    84.6971649484536,
    85.05798969072166,
    85.33182989690722,
    85.65721649484536,
    85.86984536082474,
    86.14046391752578,
    86.11791237113403
  ],
  "val_loss": [
    0.9781416379488431,
    1.0046970466008553,
    0.5856387411745695,
    0.5281526139722421,
    0.5149759436742618,
    0.9231050142015402,
    0.6343180389645008,
    0.6985295012306708,
    0.43139076634095264,
    0.7162752930934613,
    0.44110880906765276,
    0.4630042571001328,
    0.4536099015520169,
    0.7975873296650556,
    0.43242248935768235
  ],
  "val_acc": [
    76.28850488354621,
    80.85649887302779,
    82.38918106686701,
    83.71149511645379,
    84.59804658151766,
    85.15401953418483,
    85.90533433508641,
    85.9954921111946,
    86.23591284748309,
    86.58151765589783,
    86.89706987227649,
    87.12246431254695,
    86.97220135236664,
    86.92712246431255,
    87.03230653643877
  ],
  "val_f1": [
    72.46241500637935,
    78.70514904321442,
    80.89294937481088,
    82.15630864021594,
    83.28287285409733,
    84.01005764504404,
    84.81135006357128,
    84.93279080517236,
    85.18441153136268,
    85.69135343544858,
    85.93996714125053,
    86.16683220000199,
    86.11434249464203,
    86.0835172063182,
    86.22646988802798
  ],
  "lr": [
    9.891830623632339e-05,
    9.572050015330874e-05,
    9.05463412215599e-05,
    8.362196501476348e-05,
    7.525e-05,
    6.57963412215599e-05,
    5.567415893174885e-05,
    4.532584106825116e-05,
    3.5203658778440106e-05,
    2.5750000000000013e-05,
    1.7378034985236535e-05,
    1.0453658778440107e-05,
    5.279499846691251e-06,
    2.0816937636766186e-06,
    1e-06
  ]
}